{"xrp_buy": 1.3184, "sol_buy": 94.901, "last_xrp_change": 4.672330097087369, "last_sol_change": -10.854469394421558, "last_xrp_price": 1.38, "last_sol_price": 84.6, "discrepancy_active": true}