{"xrp_buy": 1.3184, "sol_buy": 94.901, "last_xrp_change": 4.672330097087369, "last_sol_change": -10.74909642680266, "last_xrp_price": 1.38, "last_sol_price": 84.7, "discrepancy_active": true}